Name of the folder,Caudal fin shape,Mouth position,,Body shape,Paterning,,Colouration,,Fish orientation,Unable to classify,Comment
,,,Tubular/Elongated,,Stripes,Spots,Primary,Secondary,,,
Chlorurus genazonatus,Truncate,Terminal,FALSE,Tappering,Vertical,,,,Lateral,FALSE,2 pairs of fish with different colors
Chlorurus gibbus,Emarginate,Terminal,FALSE,Tappering,Vertical,,Yellow,Blue,Lateral,FALSE,
Chlorurus microrhinos,Emarginate,Terminal,FALSE,Tappering,Vertical,,Blue,Green,Lateral,FALSE,
Chlorurus sordidus,Truncate,Terminal,FALSE,Tappering,Other,,Green,Blue,Lateral,FALSE,
Chlorurus spilurus,Truncate,Terminal,FALSE,Tappering,,,Blue,Yellow,Lateral,FALSE,
Chromis chromis,Forked,Terminal,FALSE,Fusiform,Horizontal,,Brown,Yellow,Lateral,FALSE,
Chromis pembae,Forked,Terminal,FALSE,Fusiform,,,Brown,Black,Lateral,FALSE,
Chromis weberi,Forked,Terminal,FALSE,Fusiform,,,Grey (silver),Black,Lateral,FALSE,
Chromis xanthura,Forked,Terminal,FALSE,Fusiform,,,Grey (silver),Brown,Lateral,FALSE,
Chrysiptera unimaculata,Forked,Terminal,FALSE,Fusiform,Horizontal,One spot,Orange,Grey (silver),Lateral,FALSE,
Chrysophrys auratus,Lunate,Terminal,FALSE,Fusiform,,Multiple spots,Grey (silver),None,Lateral,FALSE,
Cirrhilabrus cyanopleura,Rounded,Terminal,FALSE,Fusiform,,Multiple spots,Orange,,Lateral,FALSE,fish have different secondary colors
Cirrhilabrus exquisitus,Truncate,Superior,FALSE,Fusiform,Horizontal,Multiple spots,Grey (silver),,Lateral,FALSE,fish have different secondary colors
Cirrhilabrus lubbocki,Truncate,Terminal,FALSE,Fusiform,Horizontal,Multiple spots,Red,Black,Lateral,FALSE,
Cirrhilabrus rubrimarginatus,Rounded,Terminal,FALSE,Fusiform,,One spot,Orange,Pink,Lateral,FALSE,
Cirrhilabrus rubriventralis,Rounded,Terminal,FALSE,Fusiform,,,Orange,White,Lateral,FALSE,
Cirrhilabrus scottorum,Rounded,Terminal,FALSE,Fusiform,,,Orange,,Lateral,FALSE,fish have different secondary colors
Cirrhitichthys aprinus,Truncate,Terminal,FALSE,Fusiform,,Multiple spots,Red,White,Lateral,FALSE,
Cirrhitichthys falco,Truncate,Terminal,FALSE,Fusiform,,Multiple spots,White,Orange,Lateral,FALSE,
Cirrhitichthys oxycephalus,Rounded,Terminal,FALSE,Fusiform,,Multiple spots,Red,White,Lateral,FALSE,
Cirripectes castaneus,Rounded,Subterminal,FALSE,Tappering,Vertical,,Brown,Red,Lateral,FALSE,
Clarias batrachus,Rounded,Terminal,FALSE,Tappering,,,Black,Grey (silver),Lateral,FALSE,
Clarias gariepinus,Rounded,Terminal,FALSE,Tappering,,,Grey (silver),White,Lateral,FALSE,
Clupea harengus,Forked,Superior,FALSE,Tappering,,,Grey (silver),Orange,Lateral,FALSE,
Cobitis taenia,Rounded,Terminal,FALSE,Tappering,,Multiple spots,Brown,Grey (silver),Lateral,FALSE,
Cociella crocodilus,Truncate,Superior,FALSE,Depressed,Vertical,Multiple spots,Brown,White,Non-lateral,FALSE,
Cociella punctata,Truncate,Superior,FALSE,Depressed,,Multiple spots,White,Brown,Lateral,FALSE,
Coradion melanopus,Truncate,Superior,TRUE,Compressed,Vertical,Multiple spots,Grey (silver),Orange,Lateral,FALSE,
Coregonus hoyi,Forked,Terminal,FALSE,Fusiform,,,Grey (silver),None,Lateral,FALSE,
Coris aygula,Truncate,Terminal,FALSE,Fusiform,,Multiple spots,White,Black,Lateral,FALSE,
Coris batuensis,Truncate,Terminal,FALSE,Fusiform,,Multiple spots,Grey (silver),Yellow,Lateral,FALSE,
Coris caudimacula,Rounded,Terminal,FALSE,Fusiform,Other,Multiple spots,Orange,,Lateral,FALSE,fish have different secondary colors
Coris cuvieri,Rounded,Terminal,FALSE,Fusiform,,Multiple spots,Orange,White,Lateral,FALSE,
Coris dorsomacula,Rounded,Terminal,FALSE,Fusiform,Other,,Orange,,Lateral,FALSE,fish have different secondary colors
Coris formosa,Rounded,Terminal,FALSE,Fusiform,Diagonal,Multiple spots,Grey (silver),Black,Lateral,FALSE,
Coris gaimard,Rounded,Terminal,FALSE,Fusiform,,Multiple spots,Orange,White,Lateral,FALSE,
Coris julis,Truncate,Terminal,FALSE,Fusiform,Horizontal,,Black,Orange,Lateral,FALSE,
Coris variegata,Truncate,Terminal,FALSE,Fusiform,,Multiple spots,White,Black,Lateral,FALSE,
Coryphaena hippurus,Forked,Superior,FALSE,Tappering,,,Grey (silver),None,Lateral,FALSE,
Corythoichthys flavofasciatus,Rounded,Terminal,TRUE,Anguilliform,Vertical,Multiple spots,Brown,White,Lateral,FALSE,
Corythoichthys haematopterus,Rounded,Terminal,TRUE,Anguilliform,,Multiple spots,Grey (silver),Black,Lateral,FALSE,
Corythoichthys nigripectus,Rounded,Terminal,TRUE,Anguilliform,Horizontal,,Red,White,Lateral,FALSE,
Corythoichthys schultzi,Rounded,Terminal,TRUE,Anguilliform,Horizontal,Multiple spots,White,Brown,Lateral,FALSE,
Cryptocentrus caeruleomaculatus,Rounded,Terminal,FALSE,Tappering,Vertical,Multiple spots,Brown,Blue,Lateral,FALSE,
Cryptocentrus caeruleopunctatus,Rounded,Terminal,FALSE,Tappering,Diagonal,Multiple spots,Brown,Blue,Non-lateral,FALSE,
Cryptocentrus cinctus,Rounded,Superior,FALSE,Tappering,,Multiple spots,Yellow,Blue,Lateral,FALSE,
Cryptocentrus fasciatus,Rounded,Terminal,FALSE,Tappering,Vertical,Multiple spots,Brown,White,Lateral,FALSE,
Cryptocentrus leptocephalus,Rounded,Terminal,FALSE,Tappering,Vertical,Multiple spots,Grey (silver),Red,Lateral,FALSE,
Ctenochaetus binotatus,Emarginate,Terminal,FALSE,Fusiform,Horizontal,Multiple spots,Black,Yellow,Lateral,FALSE,
Ctenochaetus striatus,Emarginate,Terminal,FALSE,Fusiform,Horizontal,Multiple spots,Black,Yellow,Lateral,FALSE,
Abalistes stellatus,Lunate,Terminal,FALSE,Fusiform,,Multiple spots,Grey (silver),Yellow,Lateral,FALSE,
Abudefduf saxatilis,Forked,Terminal,FALSE,Fusiform,Vertical,,Grey (silver),Yellow,Non-lateral,FALSE,
Abudefduf sexfasciatus,Forked,Terminal,FALSE,Fusiform,Vertical,,White,Black,Non-lateral,FALSE,
Abudefduf sordidus,Forked,Terminal,FALSE,Fusiform,Vertical,One spot,Brown,Grey (silver),Lateral,FALSE,
Abudefduf troschelii,Forked,Terminal,FALSE,Fusiform,Vertical,,Grey (silver),Black,Non-lateral,FALSE,
Abudefduf vaigiensis,Forked,Terminal,FALSE,Fusiform,Vertical,,Grey (silver),Black,Lateral,FALSE,
Acanthochromis polyacanthus,Forked,Terminal,FALSE,Fusiform,,,,,Lateral,FALSE,fish have all different colors
Acanthopagrus australis,Forked,Terminal,FALSE,Fusiform,,,Grey (silver),Black,Lateral,FALSE,
Acanthopagrus bifasciatus,Forked,Terminal,FALSE,Fusiform,Vertical,,White,White,Lateral,FALSE,
Acanthurus coeruleus,Truncate,Terminal,FALSE,Compressed,Horizontal,One spot,Grey (silver),Blue,Non-lateral,FALSE,
Acanthurus gahhm,Emarginate,Terminal,FALSE,Fusiform,Vertical,,Black,White,Lateral,FALSE,
Acanthurus mata,Emarginate,Terminal,FALSE,Fusiform,Horizontal,,,,Lateral,FALSE,2 pairs of fish with different colors
Acanthurus nigrofuscus,Emarginate,Terminal,FALSE,Fusiform,,Multiple spots,Brown,Red,Non-lateral,FALSE,
Acanthurus olivaceus,Emarginate,Terminal,FALSE,Fusiform,,One spot,,Orange,Non-lateral,FALSE,fish have different primary colors
Acanthurus pyroferus,Emarginate,Terminal,FALSE,Fusiform,,One spot,Brown,Orange,Lateral,FALSE,
Acanthurus triostegus,Truncate,Terminal,FALSE,Fusiform,Vertical,,Grey (silver),Black,Non-lateral,FALSE,
Acanthurus xanthopterus,Emarginate,Terminal,FALSE,Fusiform,,One spot,,,Lateral,FALSE,the fish have all different colors
Achoerodus viridis,,,FALSE,,,,,,,TRUE,
Aeoliscus strigatus,Other,Terminal,TRUE,Fusiform,Horizontal,,Grey (silver),Black,Lateral,FALSE,
Aethaloperca rogaa,Truncate,Superior,FALSE,Fusiform,,,Black,White,Lateral,FALSE,
Aetobatus narinari,Other,Subterminal,TRUE,Depressed,,Multiple spots,White,Black,Non-lateral,FALSE,
Aetobatus ocellatus,Other,Subterminal,TRUE,Depressed,,Multiple spots,White,Black,Non-lateral,FALSE,
Alectis ciliaris,Forked,Terminal,FALSE,Fusiform,,,Grey (silver),None,Lateral,FALSE,
Aluterus monoceros,,,FALSE,,,,,,,TRUE,
Aluterus scriptus,Rounded,Terminal,FALSE,Fusiform,,Multiple spots,Yellow,Black,Non-lateral,FALSE,
Ambloplites rupestris,Truncate,Terminal,FALSE,Fusiform,,,Brown,Black,Lateral,FALSE,
Amblyeleotris periophthalma,Rounded,Terminal,FALSE,Tappering,Vertical,,Brown,White,Lateral,FALSE,
Amblyeleotris rubrimarginata,Rounded,Terminal,FALSE,Tappering,Vertical,,Brown,White,Non-lateral,FALSE,
Amblyeleotris steinitzi,Rounded,Terminal,FALSE,Tappering,Vertical,,White,Brown,Non-lateral,FALSE,
Amblyeleotris wheeleri,Rounded,Terminal,FALSE,Tappering,Vertical,,White,Red,Lateral,FALSE,
Amblyglyphidodon aureus,Lunate,Terminal,FALSE,Compressed,,,Grey (silver),Brown,Lateral,FALSE,
Amblyglyphidodon flavilatus,Forked,Terminal,FALSE,Compressed,,,Grey (silver),Yellow,Lateral,FALSE,
Amblyglyphidodon indicus,Forked,Terminal,FALSE,Compressed,,,Grey (silver),White,Lateral,FALSE,
Amblyglyphidodon leucogaster,Forked,Terminal,FALSE,Compressed,,One spot,Brown,Yellow,Lateral,FALSE,
Amblygobius albimaculatus,Rounded,Terminal,FALSE,Tappering,Vertical,Multiple spots,,,Lateral,FALSE,2 pairs of fish of different colors
Amblygobius nocturnus,Rounded,Terminal,FALSE,Tappering,Horizontal,,White,Orange,Lateral,FALSE,
Amblygobius phalaena,Rounded,Terminal,FALSE,Fusiform,Vertical,Multiple spots,Brown,White,Lateral,FALSE,
Ameiurus melas,Rounded,Terminal,FALSE,Tappering,,,Green,,Non-lateral,FALSE,fish have different secondary colors
Ameiurus natalis,Truncate,Terminal,FALSE,Fusiform,,,Brown,Black,Non-lateral,FALSE,
Ameiurus nebulosus,Truncate,Terminal,FALSE,Tappering,,,Brown,,Non-lateral,FALSE,fish have different secondary colors
Amia calva,Rounded,Terminal,FALSE,Fusiform,,,Brown,Green,Non-lateral,FALSE,
Amphiprion bicinctus,Emarginate,Terminal,FALSE,Fusiform,Vertical,,Yellow,White,Lateral,FALSE,
Amphiprion chrysopterus,Emarginate,Superior,FALSE,Fusiform,Vertical,,Yellow,White,Lateral,FALSE,
Amphiprion clarkii,Emarginate,Terminal,FALSE,Fusiform,Vertical,,Yellow,White,Lateral,FALSE,
Amphiprion frenatus,Truncate,Terminal,FALSE,Fusiform,Vertical,,Orange,White,Lateral,FALSE,
Amphiprion melanopus,Truncate,Terminal,FALSE,Fusiform,Vertical,,Black,Orange,Lateral,FALSE,
Anampses caeruleopunctatus,Truncate,Terminal,FALSE,Fusiform,Vertical,Multiple spots,Brown,Blue,Lateral,FALSE,
Anampses geographicus,Truncate,Terminal,FALSE,Fusiform,Other,,Brown,Black,Lateral,FALSE,
Anampses meleagrides,Truncate,Terminal,FALSE,Fusiform,Other,,Brown,Grey (silver),Lateral,FALSE,
Anampses twistii,Rounded,Terminal,FALSE,Fusiform,,Multiple spots,Yellow,,Lateral,FALSE,fish have different secondary colors
Scarus tricolor,Emarginate,Terminal,FALSE,Fusiform,,One spot,Green,Blue,Lateral,FALSE,
Schuettea scalaripinnis,Forked,Superior,FALSE,Fusiform,Vertical,,Grey (silver),Yellow,Non-lateral,FALSE,
Sciaenops ocellatus,Truncate,Terminal,FALSE,Fusiform,,One spot,Grey (silver),Brown,Lateral,FALSE,
Scolopsis affinis,Forked,Terminal,FALSE,Fusiform,Horizontal,,Grey (silver),Brown,Lateral,FALSE,
Scolopsis bilineata,Forked,Terminal,FALSE,Fusiform,,Multiple spots,,,Lateral,FALSE,all fish have different colors
Scolopsis ghanam,Forked,Terminal,FALSE,Fusiform,Horizontal,Multiple spots,White,Black,Lateral,FALSE,
Scolopsis vosmeri,Forked,Terminal,FALSE,Fusiform,Horizontal,,Brown,White,Lateral,FALSE,
Scolopsis xenochrous,Truncate,Terminal,FALSE,Fusiform,Horizontal,,Brown,Blue,Lateral,FALSE,
Scomberomorus commerson,Lunate,Terminal,FALSE,Fusiform,Vertical,Multiple spots,Grey (silver),White,Non-lateral,FALSE,
Scorpaena jacksoniensis,Rounded,Terminal,FALSE,Fusiform,,Multiple spots,Red,Orange,Lateral,FALSE,
Scorpaena scrofa,Rounded,Terminal,FALSE,Fusiform,,Multiple spots,Red,Orange,Non-lateral,FALSE,
Scorpaenodes parvipinnis,Rounded,Terminal,FALSE,Fusiform,Vertical,,Red,Pink,Lateral,FALSE,
Scorpaenopsis barbata,Truncate,Terminal,FALSE,Fusiform,,Multiple spots,Grey (silver),Black,Non-lateral,FALSE,
Scorpaenopsis diabolus,Pointed,Terminal,FALSE,Fusiform,Vertical,,Grey (silver),Black,Non-lateral,FALSE,
Scorpaenopsis oxycephalus,Truncate,Superior,FALSE,Fusiform,,Multiple spots,Brown,Grey (silver),Lateral,FALSE,
Scorpaenopsis papuensis,Rounded,Superior,FALSE,Fusiform,,Multiple spots,Brown,Grey (silver),Lateral,FALSE,
Scorpis lineolata,Forked,Terminal,FALSE,Fusiform,,,Grey (silver),Black,Lateral,FALSE,
Scyliorhinus canicula,Heterocercal,Subterminal,FALSE,Tappering,,Multiple spots,Brown,White,Lateral,FALSE,
Sebastapistes cyanostigma,Rounded,Terminal,FALSE,Fusiform,,Multiple spots,Pink,Yellow,Lateral,FALSE,
Sebastapistes strongia,Rounded,Terminal,FALSE,Fusiform,,Multiple spots,Brown,Pink,Lateral,FALSE,
Semotilus atromaculatus,Forked,Terminal,FALSE,Fusiform,,,Grey (silver),Black,Lateral,FALSE,
Seriola dumerili,Lunate,Terminal,FALSE,Fusiform,,,Grey (silver),White,Lateral,FALSE,
Seriola rivoliana,Forked,Terminal,FALSE,Fusiform,,,Brown,Red,Lateral,FALSE,
Serranus scriba,Truncate,Terminal,FALSE,Fusiform,Vertical,,White,Black,Non-lateral,FALSE,
Siganus argenteus,Lunate,Terminal,FALSE,Fusiform,,Multiple spots,Blue,Yellow,Lateral,FALSE,
Siganus canaliculatus,Forked,Terminal,FALSE,Fusiform,,Multiple spots,Yellow,White,Lateral,FALSE,
Siganus luridus,Truncate,Terminal,FALSE,Fusiform,,Multiple spots,Brown,Black,Lateral,FALSE,
Siganus rivulatus,Emarginate,Terminal,FALSE,Fusiform,Horizontal,,Grey (silver),Brown,Lateral,FALSE,
Siganus stellatus,Forked,Terminal,FALSE,Fusiform,,Multiple spots,Black,Yellow,Lateral,FALSE,
Sillago sihama,Truncate,Terminal,FALSE,Fusiform,,,Grey (silver),Brown,Lateral,FALSE,
Solenostomus paradoxus,Other,Terminal,TRUE,Other,,Multiple spots,Black,,Lateral,FALSE,the fish has different secondary colors
Sparisoma aurofrenatum,Emarginate,Terminal,FALSE,Fusiform,,,Blue,Red,Lateral,FALSE,
Sparisoma viride,Emarginate,Terminal,FALSE,Fusiform,,One spot,Blue,Brown,Lateral,FALSE,
Sphyraena barracuda,Forked,Terminal,FALSE,Fusiform,,Multiple spots,Grey (silver),Black,Lateral,FALSE,
Sphyrna lewini,Heterocercal,Subterminal,FALSE,Fusiform,,,White,Grey (silver),Lateral,FALSE,
Squalius cephalus,Forked,Terminal,FALSE,Fusiform,,,Grey (silver),Black,Non-lateral,FALSE,
Stegastes lacrymatus,Forked,Terminal,FALSE,Fusiform,,Multiple spots,Black,Yellow,Lateral,FALSE,
Stegastes nigricans,Forked,Terminal,FALSE,Fusiform,,,Grey (silver),,Lateral,FALSE,fish have different secondary colors
Stephanolepis cirrhifer,Rounded,Terminal,FALSE,Compressed,,Multiple spots,Brown,White,Lateral,FALSE,
Stethojulis albovittata,Truncate,Terminal,FALSE,Fusiform,,Multiple spots,Grey (silver),Yellow,Lateral,FALSE,
Stethojulis interrupta,Rounded,Terminal,FALSE,Fusiform,Horizontal,Multiple spots,Brown,White,Lateral,FALSE,
Suezichthys gracilis,Rounded,Terminal,FALSE,Fusiform,Horizontal,One spot,Pink,White,Lateral,FALSE,
Sufflamen albicaudatum,Truncate,Terminal,FALSE,Fusiform,,,White,White,Lateral,FALSE,
Synanceia verrucosa,Truncate,Terminal,FALSE,Compressed,,,Brown,Grey (silver),Non-lateral,FALSE,
Synodus dermatogenys,Forked,Terminal,FALSE,Tappering,Horizontal,Multiple spots,Grey (silver),Brown,Lateral,FALSE,
Synodus variegatus,Forked,Terminal,FALSE,Tappering,Horizontal,Multiple spots,Brown,Grey (silver),Lateral,FALSE,
Taeniamia fucata,Forked,Terminal,FALSE,Fusiform,Vertical,One spot,Yellow,Grey (silver),Lateral,FALSE,
Taenianotus triacanthus,Rounded,Superior,FALSE,Fusiform,,Multiple spots,Orange,Black,Lateral,FALSE,
Taeniura lymma,Other,Subterminal,FALSE,Depressed,,Multiple spots,Black,White,Non-lateral,FALSE,
Terapon jarbua,Forked,Terminal,FALSE,Fusiform,Horizontal,,Grey (silver),Black,Lateral,FALSE,
Tetractenos glaber,Rounded,Terminal,FALSE,Fusiform,,Multiple spots,Grey (silver),Black,Non-lateral,FALSE,
Tetrosomus gibbosus,Rounded,Terminal,FALSE,Fusiform,Other,,Grey (silver),Brown,Lateral,FALSE,
Thalassoma bifasciatum,Forked,Terminal,FALSE,Fusiform,Other,,Yellow,White,Lateral,FALSE,
Thalassoma hardwicke,Emarginate,Terminal,FALSE,Fusiform,Vertical,,Yellow,Black,Non-lateral,FALSE,
Thalassoma lucasanum,,,FALSE,,,,,,,TRUE,
Thalassoma lunare,Emarginate,Terminal,FALSE,Fusiform,Other,One spot,Yellow,Pink,Lateral,FALSE,
Thalassoma lutescens,Emarginate,Terminal,FALSE,Fusiform,Horizontal,,Brown,Grey (silver),Lateral,FALSE,
Thalassoma pavo,Rounded,Terminal,FALSE,Fusiform,Vertical,One spot,Grey (silver),Yellow,Non-lateral,FALSE,
Thalassoma purpureum,Truncate,Terminal,FALSE,Fusiform,Horizontal,,Brown,Grey (silver),Lateral,FALSE,
Thalassoma rueppellii,Emarginate,Terminal,FALSE,Fusiform,Horizontal,,Blue,Red,Lateral,FALSE,
Tilodon sexfasciatus,Truncate,Terminal,FALSE,Compressed,Vertical,One spot,Black,Yellow,Lateral,FALSE,
Tor khudree,Forked,Terminal,FALSE,Fusiform,,,Grey (silver),Brown,Lateral,FALSE,
Torpedo panthera,Rounded,Subterminal,FALSE,Depressed,,Multiple spots,Brown,White,Non-lateral,FALSE,
Trachinops taeniatus,Emarginate,Terminal,FALSE,Tappering,Horizontal,,Grey (silver),Black,Non-lateral,FALSE,
Trachurus novaezelandiae,Lunate,Terminal,FALSE,Fusiform,Horizontal,One spot,Grey (silver),Yellow,Lateral,FALSE,
Trachyrhamphus bicoarctatus,Pointed,Terminal,TRUE,Anguilliform,,Multiple spots,Grey (silver),Black,Lateral,FALSE,
Triaenodon obesus,Heterocercal,Subterminal,FALSE,Tappering,,,Grey (silver),Black,Lateral,FALSE,
Triakis semifasciata,Pointed,Subterminal,FALSE,Anguilliform,,Multiple spots,Grey (silver),Black,Non-lateral,FALSE,
Trygonoptera testacea,Pointed,Subterminal,FALSE,Depressed,,,Brown,None,Non-lateral,FALSE,
Trygonorrhina fasciata,Rounded,Subterminal,FALSE,Depressed,Other,,Brown,White,Non-lateral,FALSE,
Tylosurus choram,Hypocercal,Terminal,TRUE,Tappering,,,Grey (silver),None,Lateral,FALSE,
Tylosurus crocodilus,Forked,Subterminal,TRUE,Tappering,Vertical,,Grey (silver),None,Lateral,FALSE,
Upeneichthys lineatus,Forked,Terminal,FALSE,Fusiform,Horizontal,,Brown,Red,Lateral,FALSE,
Urobatis halleri,Rounded,Subterminal,FALSE,Depressed,,,Brown,None,Non-lateral,FALSE,
Valenciennea puellaris,Rounded,Superior,FALSE,Tappering,,Multiple spots,Grey (silver),Orange,Lateral,FALSE,
Valenciennea sexguttata,Rounded,Terminal,FALSE,Tappering,,Multiple spots,White,Blue,Lateral,FALSE,
Vanderhorstia ambanoro,Rounded,Superior,FALSE,Tappering,,Multiple spots,Grey (silver),Black,Lateral,FALSE,
Vanderhorstia ornatissima,Rounded,Terminal,FALSE,Tappering,,Multiple spots,Grey (silver),Brown,Non-lateral,FALSE,
Variola louti,Emarginate,Superior,FALSE,Fusiform,Horizontal,Multiple spots,Yellow,Blue,Lateral,FALSE,
Zanclus cornutus,Truncate,Terminal,TRUE,Compressed,Vertical,,Black,Yellow,Lateral,FALSE,
Zebrasoma desjardinii,Truncate,Terminal,FALSE,Compressed,Vertical,Multiple spots,Brown,Yellow,Lateral,FALSE,
Zebrasoma flavescens,Truncate,Terminal,TRUE,Compressed,,,Yellow,None,Non-lateral,FALSE,
Zebrasoma xanthurum,Truncate,Terminal,TRUE,Fusiform,,Multiple spots,Blue,Yellow,Lateral,FALSE,
Zeus faber,Truncate,Superior,FALSE,Fusiform,,One spot,Brown,Grey (silver),Lateral,FALSE,
Anguilla rostrata,Pointed,Terminal,FALSE,Anguilliform,,,Brown,White,Non-lateral,FALSE,
Anoplocapros inermis,Rounded,Terminal,FALSE,Compressed,,Multiple spots,Yellow,Black,Lateral,FALSE,
Antennarius commerson,Rounded,Superior,FALSE,Fusiform,,Multiple spots,Brown,White,Lateral,FALSE,
Antennarius pictus,Rounded,Superior,FALSE,Other,,Multiple spots,Orange,Brown,Lateral,FALSE,
Aplodinotus grunniens,Rounded,Terminal,FALSE,Fusiform,,,Grey (silver),None,Lateral,FALSE,
Apogon coccineus,Forked,Terminal,FALSE,Fusiform,,,Red,White,Lateral,FALSE,
Apolemichthys trimaculatus,Rounded,Terminal,FALSE,Fusiform,,One spot,Yellow,Blue,Lateral,FALSE,
Archosargus probatocephalus,Forked,Terminal,FALSE,Fusiform,Vertical,,Black,Grey (silver),Lateral,FALSE,
Argyrops spinifer,Forked,Terminal,FALSE,Fusiform,,,Grey (silver),None,Lateral,FALSE,
Ariopsis felis,Forked,Terminal,FALSE,Tappering,,,Grey (silver),Brown,Lateral,FALSE,
Arothron diadematus,Rounded,Terminal,FALSE,Tappering,,Multiple spots,Grey (silver),Black,Lateral,FALSE,
Arothron hispidus,Rounded,Terminal,FALSE,Tappering,,Multiple spots,Brown,White,Lateral,FALSE,
Arothron immaculatus,Rounded,Terminal,FALSE,Tappering,,,Grey (silver),Yellow,Lateral,FALSE,
Arothron manilensis,Rounded,Terminal,FALSE,Tappering,Other,,Grey (silver),Brown,Lateral,FALSE,
Arothron meleagris,Rounded,Terminal,FALSE,Tappering,,Multiple spots,Brown,White,Non-lateral,FALSE,
Arothron nigropunctatus,,,FALSE,,,,,,,TRUE,
Arothron stellatus,Rounded,Terminal,FALSE,Tappering,,Multiple spots,Brown,,Lateral,FALSE,fish have different secondary colors
Asterropteryx semipunctata,Rounded,Terminal,FALSE,Fusiform,,Multiple spots,Brown,White,Lateral,FALSE,
Atrosalarias fuscus,,,FALSE,,,,,,,TRUE,
Atypichthys strigatus,Forked,Terminal,FALSE,Fusiform,Horizontal,,Black,White,Lateral,FALSE,
Aulostomus chinensis,Rounded,Terminal,TRUE,Anguilliform,,Multiple spots,Brown,Yellow,Lateral,FALSE,
Aulostomus maculatus,Rounded,Terminal,TRUE,Anguilliform,Vertical,,Brown,White,Lateral,FALSE,
Bagarius yarrelli,Forked,Subterminal,FALSE,Depressed,,,Green,Brown,Non-lateral,FALSE,
Balistapus undulatus,Rounded,Terminal,FALSE,Compressed,Diagonal,,Grey (silver),Orange,Lateral,FALSE,
Balistoides viridescens,Truncate,Terminal,FALSE,Fusiform,,Multiple spots,Green,Brown,Lateral,FALSE,
Bathytoshia brevicaudata,Pointed,Subterminal,FALSE,Depressed,,,Black,White,Non-lateral,FALSE,
Blenniella gibbifrons,Truncate,Terminal,FALSE,Fusiform,,Multiple spots,Brown,White,Lateral,FALSE,
Bodianus anthioides,Emarginate,Terminal,FALSE,Fusiform,,Multiple spots,Black,White,Lateral,FALSE,
Bodianus axillaris,Truncate,Terminal,FALSE,Fusiform,,Multiple spots,Black,White,Lateral,FALSE,
Bodianus diana,Rounded,Terminal,FALSE,Fusiform,,Multiple spots,Red,White,Lateral,FALSE,
Bodianus diplotaenia,Emarginate,Terminal,FALSE,Fusiform,Horizontal,,Grey (silver),Black,Lateral,FALSE,
Bodianus mesothorax,Truncate,Terminal,FALSE,Fusiform,,One spot,Black,Yellow,Lateral,FALSE,
Bolbometopon muricatum,Truncate,Terminal,FALSE,Tappering,,,Grey (silver),None,Lateral,FALSE,
Bothus pantherinus,Rounded,Superior,FALSE,Depressed,,Multiple spots,Brown,White,Non-lateral,FALSE,
Bothus podas,Rounded,Superior,FALSE,Depressed,,Multiple spots,Brown,White,Lateral,FALSE,
Brachaluteres jacksonianus,Rounded,Terminal,FALSE,Fusiform,,Multiple spots,Green,Black,Lateral,FALSE,
Bryaninops yongei,Truncate,Terminal,FALSE,Tappering,,,White,Orange,Lateral,FALSE,
Caesio lunaris,Lunate,Terminal,FALSE,Fusiform,Horizontal,,White,Yellow,Lateral,FALSE,
Callechelys marmorata,,Subterminal,FALSE,,,Multiple spots,White,Brown,Lateral,TRUE,"half of the body is hidden, cannot classify some criteria"
Calloplesiops altivelis,Rounded,Terminal,FALSE,Fusiform,,Multiple spots,Brown,White,Lateral,FALSE,
Calotomus carolinus,,,FALSE,,,,,,,TRUE,
Calotomus spinidens,Truncate,Terminal,FALSE,Fusiform,,Multiple spots,Brown,Grey (silver),Lateral,FALSE,
Calotomus viridescens,Emarginate,Terminal,FALSE,Fusiform,,Multiple spots,Grey (silver),Purple,Lateral,FALSE,
Campostoma anomalum,Forked,Subterminal,FALSE,Fusiform,,,Brown,White,Lateral,FALSE,
Cantherhines pardalis,Rounded,Terminal,FALSE,Fusiform,,Multiple spots,Brown,Yellow,Lateral,FALSE,
Canthigaster cyanospilota,Truncate,Terminal,FALSE,Tappering,Other,Multiple spots,Brown,White,Lateral,FALSE,
Canthigaster margaritata,Truncate,Terminal,FALSE,Tappering,Other,Multiple spots,Brown,Blue,Lateral,FALSE,
Canthigaster pygmaea,Truncate,Terminal,FALSE,Tappering,Other,Multiple spots,Brown,Blue,Lateral,FALSE,
Canthigaster solandri,Truncate,Terminal,FALSE,Tappering,,Multiple spots,Brown,Blue,Lateral,FALSE,
Canthigaster valentini,Truncate,Terminal,FALSE,Tappering,Other,Multiple spots,Brown,White,Lateral,FALSE,
Carangoides bajad,Lunate,Terminal,FALSE,Fusiform,,Multiple spots,Yellow,White,Lateral,FALSE,
Carangoides ferdau,Lunate,Terminal,FALSE,Fusiform,,Multiple spots,Grey (silver),Yellow,Lateral,FALSE,
Caranx ignobilis,Lunate,Terminal,FALSE,Tappering,,Multiple spots,Grey (silver),None,Non-lateral,FALSE,
Caranx melampygus,Lunate,Terminal,FALSE,Fusiform,,Multiple spots,Grey (silver),Black,Lateral,FALSE,
Caranx sexfasciatus,Forked,Superior,FALSE,Fusiform,,,Grey (silver),,Lateral,FALSE,fish have different secondary colors
Carassius auratus,Forked,Terminal,FALSE,Fusiform,,,Red,Orange,Non-lateral,FALSE,
Carcharhinus amblyrhynchos,Heterocercal,Subterminal,FALSE,Fusiform,,,Grey (silver),White,Lateral,FALSE,
Carcharias taurus,Heterocercal,Subterminal,FALSE,Fusiform,,,Grey (silver),White,Lateral,FALSE,
Catostomus commersonii,Forked,Terminal,FALSE,Fusiform,,,Green,Black,Lateral,FALSE,
Centropyge bispinosa,Rounded,Terminal,FALSE,Fusiform,Vertical,,Blue,Orange,Lateral,FALSE,
Centropyge fisheri,Truncate,Terminal,FALSE,Fusiform,,,Blue,Brown,Lateral,FALSE,
Centropyge multispinis,Rounded,Terminal,FALSE,Fusiform,Vertical,One spot,Brown,Blue,Lateral,FALSE,
Cephalopholis argus,Rounded,Superior,FALSE,Fusiform,Vertical,Multiple spots,Brown,Blue,Lateral,FALSE,
Cephalopholis boenak,Rounded,Superior,FALSE,Fusiform,Vertical,,Brown,Grey (silver),Lateral,FALSE,
Cephalopholis cyanostigma,Rounded,Superior,FALSE,Fusiform,Vertical,Multiple spots,Brown,Blue,Lateral,FALSE,
Cephalopholis hemistiktos,Rounded,Superior,FALSE,Fusiform,,Multiple spots,Red,Blue,Lateral,FALSE,
Cephalopholis leopardus,Rounded,Superior,FALSE,Fusiform,,Multiple spots,Red,White,Lateral,FALSE,
Cephalopholis miniata,Rounded,Superior,FALSE,Fusiform,Vertical,Multiple spots,Red,Blue,Lateral,FALSE,
Cephalopholis sexmaculata,Rounded,Superior,FALSE,Fusiform,Other,Multiple spots,Brown,Blue,Lateral,FALSE,
Cephalopholis sonnerati,Rounded,Superior,FALSE,Fusiform,,Multiple spots,Red,White,Lateral,FALSE,
Cetoscarus bicolor,,,FALSE,,,,,,,TRUE,
Cetoscarus ocellatus,Rounded,Terminal,FALSE,Fusiform,,One spot,White,Yellow,Lateral,FALSE,
Chaetodon auriga,Rounded,Terminal,FALSE,Compressed,Diagonal,One spot,White,Yellow,Lateral,FALSE,
Chaetodon baronessa,Rounded,Terminal,FALSE,Compressed,Diagonal,,Yellow,Blue,Lateral,FALSE,
Chaetodon capistratus,Rounded,Terminal,FALSE,Compressed,Diagonal,One spot,Grey (silver),Black,Lateral,FALSE,
Chaetodon kleinii,Rounded,Terminal,FALSE,Compressed,Vertical,,Yellow,White,Lateral,FALSE,
Chaetodon lineolatus,Rounded,Terminal,FALSE,Compressed,Vertical,,Grey (silver),Yellow,Lateral,FALSE,
Chaetodon lunulatus,Rounded,Terminal,FALSE,Compressed,Horizontal,,Yellow,Blue,Lateral,FALSE,
Chaetodon melannotus,Rounded,Terminal,FALSE,Compressed,Diagonal,,Yellow,Grey (silver),Lateral,FALSE,
Chaetodon ornatissimus,Rounded,Terminal,FALSE,Compressed,Diagonal,,Yellow,Orange,Lateral,FALSE,
Chaetodon trifascialis,Rounded,Terminal,FALSE,Compressed,Diagonal,,Grey (silver),Black,Lateral,FALSE,
Channa gachua,Rounded,Superior,FALSE,Tappering,,,,,Lateral,FALSE,2 pairs of fish with different colors
Channa micropeltes,Rounded,Terminal,FALSE,Fusiform,Horizontal,,Brown,Black,Lateral,FALSE,
Channa striata,Rounded,Terminal,FALSE,Fusiform,,,Brown,Grey (silver),Lateral,FALSE,
Cheilinus abudjubbe,Rounded,Terminal,FALSE,Fusiform,Other,Multiple spots,Grey (silver),Red,Lateral,FALSE,
Cheilinus chlorourus,Emarginate,Terminal,FALSE,Fusiform,,Multiple spots,Brown,White,Lateral,FALSE,
Cheilinus lunulatus,Rounded,Terminal,FALSE,Fusiform,Vertical,Multiple spots,Black,White,Lateral,FALSE,
Cheilinus oxycephalus,Rounded,Terminal,FALSE,Fusiform,,Multiple spots,Brown,White,Lateral,FALSE,
Cheilinus quinquecinctus,Rounded,Terminal,FALSE,Fusiform,Vertical,,Black,Red,Lateral,FALSE,
Cheilinus undulatus,Rounded,Terminal,FALSE,Fusiform,Other,Multiple spots,Grey (silver),Black,Lateral,FALSE,
Cheilio inermis,Truncate,Subterminal,FALSE,Fusiform,,,Yellow,,Lateral,FALSE,the fish have different secondary colors
Cheilodactylus fuscus,Forked,Terminal,FALSE,Fusiform,Other,,Brown,White,Lateral,FALSE,
Cheilodactylus nigripes,Forked,Terminal,FALSE,Fusiform,Vertical,,Grey (silver),Black,Lateral,FALSE,
Cheilodactylus vestitus,Lunate,Terminal,FALSE,Tappering,Diagonal,,White,Brown,Lateral,FALSE,
Cheilodipterus lachneri,Forked,Terminal,FALSE,Fusiform,Horizontal,One spot,Brown,Grey (silver),Lateral,FALSE,
Cheilodipterus macrodon,Forked,Terminal,FALSE,Fusiform,Horizontal,,Brown,Grey (silver),Lateral,FALSE,
Cheilodipterus quinquelineatus,Forked,Terminal,FALSE,Fusiform,Horizontal,One spot,Grey (silver),Black,Lateral,FALSE,
Chelonodon patoca,Truncate,Subterminal,FALSE,Fusiform,,Multiple spots,White,Brown,Lateral,FALSE,
Chilomycterus schoepfii,Truncate,Terminal,FALSE,Compressed,Horizontal,,Brown,White,Lateral,FALSE,
Chlorurus capistratoides,Truncate,Terminal,FALSE,Fusiform,,Multiple spots,Grey (silver),Blue,Lateral,FALSE,
Micropogonias undulatus,Truncate,Terminal,FALSE,Fusiform,,,Grey (silver),Brown,Lateral,FALSE,
Micropterus dolomieu,Forked,Terminal,FALSE,Fusiform,,,Green,Brown,Lateral,FALSE,
Micropterus salmoides,Forked,Superior,FALSE,Fusiform,,,Grey (silver),Brown,Lateral,FALSE,
Microspathodon chrysurus,Forked,Terminal,FALSE,Fusiform,,Multiple spots,Black,Blue,Lateral,FALSE,
Mola mola,,Terminal,FALSE,Other,,,Grey (silver),White,Lateral,TRUE,caudal fin shape not visible
Monacanthus chinensis,Rounded,Terminal,FALSE,Compressed,,Multiple spots,Brown,Green,Lateral,FALSE,
Monodactylus argenteus,Truncate,Terminal,FALSE,Compressed,Vertical,,Grey (silver),Yellow,Lateral,FALSE,
Monotaxis grandoculis,Forked,Terminal,FALSE,Fusiform,Vertical,,White,Black,Lateral,FALSE,
Monotaxis heterodon,Forked,Terminal,FALSE,Fusiform,Vertical,,Brown,Yellow,Lateral,FALSE,
Morone americana,Forked,Terminal,FALSE,Fusiform,,,Grey (silver),None,Lateral,FALSE,
Morone saxatilis,Forked,Terminal,FALSE,Fusiform,Horizontal,,Grey (silver),Brown,Lateral,FALSE,
Mugil cephalus,Forked,Terminal,FALSE,Fusiform,,,Brown,Grey (silver),Lateral,FALSE,
Mulloidichthys flavolineatus,Lunate,Terminal,FALSE,Fusiform,Horizontal,,White,Yellow,Lateral,FALSE,
Mullus surmuletus,Forked,Terminal,FALSE,Fusiform,,,Grey (silver),Brown,Lateral,FALSE,
Muraena helena,Pointed,Terminal,FALSE,Anguilliform,,Multiple spots,Brown,Yellow,Lateral,FALSE,
Myliobatis californica,Pointed,Subterminal,FALSE,Depressed,,,Grey (silver),White,Non-lateral,FALSE,
Myliobatis tenuicaudatus,Pointed,Subterminal,FALSE,Depressed,,,Grey (silver),White,Non-lateral,FALSE,
Myrichthys colubrinus,Pointed,Subterminal,FALSE,Anguilliform,Vertical,Multiple spots,White,Brown,Lateral,FALSE,
Myrichthys maculosus,Pointed,Subterminal,FALSE,Anguilliform,,Multiple spots,White,Black,Lateral,FALSE,
Myripristis kuntee,Lunate,Terminal,FALSE,Fusiform,Vertical,,Red,White,Lateral,FALSE,
Myripristis murdjan,Forked,Terminal,FALSE,Fusiform,,,Red,White,Lateral,FALSE,
Myripristis vittata,Lunate,Terminal,FALSE,Fusiform,,,Orange,None,Lateral,FALSE,
Naso brevirostris,Truncate,Terminal,FALSE,Fusiform,Other,,Black,Grey (silver),Lateral,FALSE,
Naso hexacanthus,Truncate,Terminal,FALSE,Fusiform,,,Brown,Yellow,Lateral,FALSE,
Naso lituratus,Truncate,Terminal,FALSE,Fusiform,,,,Yellow,Lateral,FALSE,2 pairs of fish with different primary colors
Naso unicornis,Emarginate,Terminal,FALSE,Fusiform,,,Brown,White,Lateral,FALSE,
Naso vlamingii,Emarginate,Terminal,FALSE,Fusiform,Other,,Grey (silver),Blue,Lateral,FALSE,
Nemanthias carberryi,Emarginate,Terminal,FALSE,Fusiform,Diagonal,,Red,Yellow,Lateral,FALSE,
Nemateleotris magnifica,Rounded,Terminal,FALSE,Fusiform,,,White,Orange,Lateral,FALSE,
Nemipterus furcosus,Forked,Terminal,FALSE,Fusiform,,,Grey (silver),,Lateral,FALSE,fish have different secondary colors
Neoglyphidodon melas,,,FALSE,,,,,,,TRUE,
Neoglyphidodon nigroris,Forked,Terminal,FALSE,Fusiform,,,Yellow,,Lateral,FALSE,fish have different secondary colors
Neogobius melanostomus,Rounded,Terminal,FALSE,Fusiform,,Multiple spots,Brown,Yellow,Lateral,FALSE,
Neopomacentrus cyanomos,Emarginate,Terminal,FALSE,Fusiform,,,,,Lateral,FALSE,fish have all different colors
Notemigonus crysoleucas,Forked,Terminal,FALSE,Fusiform,,,Brown,Grey (silver),Lateral,FALSE,
Notolabrus gymnogenis,Truncate,Terminal,FALSE,Fusiform,,Multiple spots,,,Lateral,FALSE,2 pairs of different colors
Novaculichthys taeniourus,Rounded,Terminal,FALSE,Fusiform,Vertical,Multiple spots,Brown,Green,Lateral,FALSE,
Oblada melanura,Forked,Terminal,FALSE,Fusiform,Horizontal,One spot,Grey (silver),Black,Lateral,FALSE,
Ocyurus chrysurus,Forked,Terminal,FALSE,Fusiform,Horizontal,,White,Yellow,Lateral,FALSE,
Odonus niger,Emarginate,Terminal,FALSE,Fusiform,,,Blue,Black,Lateral,FALSE,
Oligocottus maculosus,Rounded,Terminal,FALSE,Fusiform,Vertical,,Brown,Green,Non-lateral,FALSE,
Oncorhynchus clarkii,Forked,Terminal,FALSE,Fusiform,,Multiple spots,Brown,Black,Lateral,FALSE,
Oncorhynchus gorbuscha,Forked,Subterminal,FALSE,Fusiform,,Multiple spots,Grey (silver),,Lateral,FALSE,fish have different secondary colors
Oncorhynchus kisutch,Forked,Terminal,FALSE,Fusiform,Vertical,,Green,Brown,Lateral,FALSE,
Oncorhynchus mykiss,Forked,Terminal,FALSE,Fusiform,Horizontal,Multiple spots,Brown,Red,Lateral,FALSE,
Oncorhynchus nerka,Forked,Terminal,FALSE,Fusiform,,,Red,Yellow,Lateral,FALSE,
Oncorhynchus tshawytscha,Forked,Terminal,FALSE,Fusiform,,Multiple spots,Green,Black,Lateral,FALSE,
Ophthalmolepis lineolata,Truncate,Terminal,FALSE,Fusiform,Other,Multiple spots,Orange,White,Lateral,FALSE,
Oplopomus oplopomus,Rounded,Terminal,FALSE,Fusiform,,Multiple spots,Grey (silver),Pink,Lateral,FALSE,
Orectolobus halei,Rounded,Subterminal,FALSE,Depressed,,Multiple spots,Brown,Green,Lateral,FALSE,
Orectolobus maculatus,Rounded,Subterminal,FALSE,Depressed,,Multiple spots,Brown,Green,Lateral,FALSE,
Oreochromis mossambicus,Truncate,Terminal,FALSE,Fusiform,,,Brown,Green,Lateral,FALSE,
Oreochromis niloticus,Rounded,Terminal,FALSE,Fusiform,Vertical,,Grey (silver),Green,Lateral,FALSE,
Osphronemus goramy,Rounded,Terminal,FALSE,Fusiform,,,Black,White,Lateral,FALSE,
Ostorhinchus angustatus,Forked,Terminal,FALSE,Fusiform,Horizontal,One spot,Brown,White,Lateral,FALSE,
Ostorhinchus aureus,Forked,Terminal,FALSE,Fusiform,Other,,Orange,White,Lateral,FALSE,
Ostorhinchus cyanosoma,Forked,Terminal,FALSE,Fusiform,Horizontal,,Yellow,White,Lateral,FALSE,
Ostorhinchus doederleini,Forked,Terminal,FALSE,Fusiform,Horizontal,One spot,Grey (silver),Brown,Lateral,FALSE,
Ostorhinchus limenus,Forked,Terminal,FALSE,Fusiform,Horizontal,One spot,Brown,Grey (silver),Lateral,FALSE,
Ostorhinchus nigrofasciatus,Forked,Terminal,FALSE,Fusiform,Horizontal,,,,Lateral,FALSE,2 pairs of different colors
Ostorhinchus taeniophorus,Forked,Terminal,FALSE,Fusiform,,,Grey (silver),Brown,Lateral,FALSE,
Ostracion cubicum,Rounded,Terminal,FALSE,Compressed,,Multiple spots,Yellow,Black,Lateral,FALSE,
Ostracion cubicus,Rounded,Terminal,FALSE,Compressed,,Multiple spots,Yellow,Black,Lateral,FALSE,
Ostracion cyanurus,Rounded,Terminal,FALSE,Tappering,,Multiple spots,Yellow,Grey (silver),Lateral,FALSE,
Ostracion meleagris,Rounded,Terminal,FALSE,Compressed,,Multiple spots,Brown,White,Lateral,FALSE,
Oxycheilinus bimaculatus,Rounded,Terminal,FALSE,Fusiform,,Multiple spots,Brown,Grey (silver),Lateral,FALSE,
Oxycheilinus celebicus,Truncate,Terminal,FALSE,Fusiform,Other,,Brown,Orange,Lateral,FALSE,
Oxycheilinus digramma,Rounded,Terminal,FALSE,Fusiform,Other,,Green,Purple,Lateral,FALSE,
Oxycheilinus mentalis,Truncate,Terminal,FALSE,Fusiform,,Multiple spots,Orange,White,Lateral,FALSE,
Oxycirrhites typus,Forked,Terminal,TRUE,Fusiform,Other,,White,Orange,Lateral,FALSE,
Oxymonacanthus longirostris,Truncate,Terminal,TRUE,Fusiform,,Multiple spots,Blue,Orange,Lateral,FALSE,
Pangasianodon hypophthalmus,Forked,Terminal,FALSE,Fusiform,,,Grey (silver),Pink,Lateral,FALSE,
Papilloculiceps longiceps,Rounded,Superior,FALSE,Fusiform,,Multiple spots,White,Black,Lateral,FALSE,
Paracheilinus mccoskeri,Rounded,Terminal,FALSE,Fusiform,Horizontal,Multiple spots,Red,Orange,Lateral,FALSE,
Paracheilinus octotaenia,Rounded,Terminal,FALSE,Fusiform,Other,,Orange,Blue,Lateral,FALSE,
Parachromis managuensis,Rounded,Superior,FALSE,Fusiform,,Multiple spots,Green,Black,Lateral,FALSE,
Paracirrhites forsteri,Truncate,Terminal,FALSE,Fusiform,Horizontal,Multiple spots,Orange,White,Lateral,FALSE,
Paralabrax clathratus,Truncate,Terminal,FALSE,Fusiform,Horizontal,,Grey (silver),Black,Lateral,FALSE,
Parapercis clathrata,Truncate,Terminal,FALSE,Fusiform,,Multiple spots,Brown,White,Lateral,FALSE,
Parapercis cylindrica,Rounded,Terminal,FALSE,Fusiform,Vertical,Multiple spots,Brown,White,Lateral,FALSE,
Parapercis hexophtalma,Rounded,Terminal,FALSE,Fusiform,,Multiple spots,White,Black,Lateral,FALSE,
Parapercis schauinslandii,Emarginate,Terminal,FALSE,Fusiform,Vertical,Multiple spots,Orange,White,Lateral,FALSE,
Parapercis xanthozona,Truncate,Terminal,FALSE,Fusiform,Vertical,Multiple spots,Brown,Grey (silver),Lateral,FALSE,
Parascorpaena mcadamsi,Rounded,Terminal,FALSE,Fusiform,,,Red,White,Lateral,FALSE,
Pardachirus marmoratus,Rounded,Terminal,TRUE,Depressed,,Multiple spots,White,Black,Non-lateral,FALSE,
Parma microlepis,Forked,Terminal,FALSE,Fusiform,,,,,Lateral,FALSE,the fish have all different colors
Parupeneus ciliatus,Forked,Terminal,FALSE,Fusiform,,,Red,White,Lateral,FALSE,
Parupeneus cyclostomus,Forked,Terminal,FALSE,Fusiform,Other,,Yellow,Blue,Lateral,FALSE,
Parupeneus forsskali,Forked,Terminal,FALSE,Fusiform,Horizontal,One spot,White,Yellow,Lateral,FALSE,
Parupeneus heptacanthus,Forked,Terminal,FALSE,Fusiform,,,Red,White,Lateral,FALSE,
Parupeneus macronemus,Forked,Terminal,FALSE,Fusiform,Other,,Grey (silver),Yellow,Lateral,FALSE,
Parupeneus multifasciatus,Forked,Terminal,FALSE,Fusiform,Other,,Grey (silver),Yellow,Lateral,FALSE,
Parupeneus spilurus,Forked,Terminal,FALSE,Fusiform,Horizontal,One spot,,,Lateral,FALSE,the fish have all different colors
Pentapodus caninus,Emarginate,Terminal,FALSE,Fusiform,,,Grey (silver),,Lateral,FALSE,fish have different secondary colors
Perca flavescens,Forked,Terminal,FALSE,Fusiform,Vertical,,Green,Brown,Lateral,FALSE,
Perca fluviatilis,Forked,Terminal,FALSE,Fusiform,Other,,Green,Black,Lateral,FALSE,
Petroscirtes mitratus,Rounded,Terminal,FALSE,Fusiform,,Multiple spots,White,Brown,Lateral,FALSE,
Phycodurus eques,Other,Terminal,TRUE,Other,Vertical,,Yellow,White,Lateral,FALSE,
Phyllopteryx taeniolatus,Other,Terminal,TRUE,Other,Vertical,Multiple spots,Brown,White,Lateral,FALSE,
Pictilabrus laticlavius,Truncate,Terminal,FALSE,Fusiform,Other,,Green,Brown,Lateral,FALSE,
Pimephales notatus,Forked,Terminal,FALSE,Fusiform,Horizontal,,Grey (silver),Black,Lateral,FALSE,
Plagiotremus rhinorhynchos,Forked,Terminal,FALSE,Fusiform,Horizontal,,Black,Blue,Lateral,FALSE,
Plagiotremus tapeinosoma,Truncate,Terminal,FALSE,Fusiform,,,White,Brown,Lateral,FALSE,
Platax orbicularis,Truncate,Terminal,FALSE,Compressed,Vertical,,Grey (silver),Yellow,Lateral,FALSE,
Platax pinnatus,Truncate,Terminal,FALSE,Compressed,Vertical,,Grey (silver),Black,Lateral,FALSE,
Platycephalus fuscus,Truncate,Terminal,FALSE,Tappering,,Multiple spots,Brown,White,Lateral,FALSE,
Platycephalus indicus,Truncate,Terminal,FALSE,Fusiform,,Multiple spots,White,Black,Non-lateral,FALSE,
Plectorhinchus chaetodonoides,Forked,Terminal,FALSE,Fusiform,,Multiple spots,Brown,White,Lateral,FALSE,
Plectorhinchus gaterinus,Truncate,Terminal,FALSE,Fusiform,,Multiple spots,Grey (silver),Black,Lateral,FALSE,
Plectorhinchus lineatus,Truncate,Terminal,FALSE,Fusiform,Horizontal,,Brown,White,Lateral,FALSE,
Plectorhinchus vittatus,Rounded,Terminal,FALSE,Fusiform,Other,,Black,Yellow,Lateral,FALSE,
Plectroglyphidodon dickii,Forked,Terminal,FALSE,Fusiform,Vertical,,Brown,Black,Lateral,FALSE,
Plectroglyphidodon leucozonus,Forked,Terminal,FALSE,Fusiform,Vertical,One spot,Brown,,Lateral,FALSE,fish have different secondary colors
Plectropomus marisrubri,Truncate,Terminal,FALSE,Fusiform,Other,,Brown,Blue,Lateral,FALSE,
Pleurosicya micheli,Forked,Terminal,FALSE,Fusiform,Horizontal,,White,Orange,Lateral,FALSE,
Pleurosicya mossambica,Truncate,Terminal,FALSE,Fusiform,,Multiple spots,Brown,Black,Lateral,FALSE,
Plotosus lineatus,Pointed,Terminal,FALSE,Anguilliform,Horizontal,,Black,White,Lateral,FALSE,
Poecilia reticulata,Rounded,Terminal,FALSE,Fusiform,,,Grey (silver),None,Lateral,FALSE,
Pogonias cromis,Forked,Terminal,FALSE,Fusiform,,,Grey (silver),White,Lateral,FALSE,
Pomacanthus imperator,Rounded,Terminal,FALSE,Compressed,Diagonal,,Yellow,Blue,Lateral,FALSE,
Pomacanthus maculosus,Truncate,Terminal,FALSE,Compressed,Other,,Grey (silver),Yellow,Lateral,FALSE,
Pomacanthus paru,Rounded,Terminal,FALSE,Compressed,Other,,Black,Yellow,Lateral,FALSE,
Pomacanthus semicirculatus,Rounded,Terminal,FALSE,Compressed,,,Black,,Lateral,FALSE,the fish has different secondary colors
Pomacentrus amboinensis,Forked,Terminal,FALSE,Fusiform,Other,,,,Lateral,FALSE,fish have different colors
Pomacentrus aquilus,Forked,Terminal,FALSE,Fusiform,Horizontal,One spot,Brown,Blue,Lateral,FALSE,
Pomacentrus bankanensis,Forked,Terminal,FALSE,Fusiform,,Multiple spots,Brown,Blue,Lateral,FALSE,
Pomacentrus sulfureus,Forked,Terminal,FALSE,Fusiform,,,Yellow,Black,Lateral,FALSE,
Pomacentrus trichrourus,Forked,Terminal,FALSE,Fusiform,,,Black,White,Lateral,FALSE,
Pomacentrus trilineatus,Forked,Terminal,FALSE,Fusiform,Horizontal,Multiple spots,Brown,Blue,Lateral,FALSE,
Pomatomus saltatrix,Forked,Terminal,FALSE,Fusiform,,,Grey (silver),None,Lateral,FALSE,
Pomoxis annularis,Forked,Terminal,FALSE,Fusiform,,Multiple spots,Green,Black,Lateral,FALSE,
Pomoxis nigromaculatus,Forked,Terminal,FALSE,Fusiform,,Multiple spots,Black,Green,Lateral,FALSE,
Priacanthus hamrur,Emarginate,Superior,FALSE,Fusiform,,,Red,,Lateral,FALSE,fish have different secondary colors
Prionace glauca,Heterocercal,Subterminal,FALSE,Fusiform,,,Grey (silver),White,Lateral,FALSE,
Pristiapogon kallopterus,Forked,Terminal,FALSE,Fusiform,Horizontal,One spot,Grey (silver),Black,Lateral,FALSE,
Pseudanthias bicolor,Emarginate,Terminal,FALSE,Fusiform,Diagonal,,Orange,White,Lateral,FALSE,
Pseudanthias hypselosoma,Forked,Terminal,FALSE,Fusiform,,,Orange,White,Lateral,FALSE,
Pseudanthias pleurotaenia,Forked,Terminal,FALSE,Fusiform,Horizontal,One spot,Orange,Yellow,Lateral,FALSE,
Pseudanthias randalli,Emarginate,Terminal,FALSE,Fusiform,,,Orange,,Lateral,FALSE,the fish has different secondary colors
Pseudanthias squamipinnis,Emarginate,Terminal,FALSE,Fusiform,Diagonal,,Orange,White,Lateral,FALSE,
Pseudanthias taeniatus,Forked,Terminal,FALSE,Fusiform,Horizontal,,Orange,White,Lateral,FALSE,
Pseudanthias tuka,Emarginate,Terminal,FALSE,Fusiform,Horizontal,,Orange,Yellow,Lateral,FALSE,
Pseudobalistes flavimarginatus,Emarginate,Terminal,FALSE,Fusiform,,Multiple spots,Grey (silver),Brown,Lateral,FALSE,
Pseudobalistes fuscus,Emarginate,Terminal,FALSE,Fusiform,Other,,,,Lateral,FALSE,the fish have all different colors
Pseudocaranx georgianus,Lunate,Terminal,FALSE,Fusiform,Horizontal,,Grey (silver),Yellow,Lateral,FALSE,
Pseudocheilinus evanidus,Rounded,Terminal,FALSE,Fusiform,Horizontal,,Orange,White,Lateral,FALSE,
Pseudocheilinus hexataenia,Rounded,Terminal,FALSE,Fusiform,Horizontal,One spot,Blue,Orange,Lateral,FALSE,
Pseudochromis dixurus,Forked,Terminal,FALSE,Fusiform,Horizontal,,White,Yellow,Lateral,FALSE,
Pseudochromis flavivertex,Rounded,Terminal,FALSE,Fusiform,,,Yellow,Blue,Lateral,FALSE,
Pseudochromis fridmani,Rounded,Terminal,FALSE,Fusiform,,,Purple,Blue,Lateral,FALSE,
Pseudochromis olivaceus,Truncate,Terminal,FALSE,Fusiform,,,Brown,Yellow,Lateral,FALSE,
Pseudodax moluccanus,Rounded,Terminal,FALSE,Fusiform,Horizontal,,Black,White,Lateral,FALSE,
Pseudolabrus guentheri,Truncate,Terminal,FALSE,Fusiform,Other,,Orange,White,Lateral,FALSE,
Pseudopimelodus bufonius,Forked,Terminal,FALSE,Tappering,Vertical,Multiple spots,Brown,Black,Lateral,FALSE,
Pteragogus cryptus,Rounded,Terminal,FALSE,Fusiform,,Multiple spots,Brown,White,Lateral,FALSE,
Pteragogus enneacanthus,Rounded,Terminal,FALSE,Fusiform,Horizontal,Multiple spots,Orange,White,Lateral,FALSE,
Ptereleotris evides,Forked,Terminal,FALSE,Fusiform,,,Grey (silver),Yellow,Lateral,FALSE,
Pterois antennata,Rounded,Terminal,FALSE,Fusiform,Vertical,Multiple spots,Red,White,Lateral,FALSE,
Pterois cincta,Rounded,Terminal,FALSE,Fusiform,Vertical,,Brown,White,Lateral,FALSE,
Pterois miles,Rounded,Terminal,FALSE,Fusiform,Vertical,,Brown,White,Lateral,FALSE,
Pterois volitans,Rounded,Terminal,FALSE,Fusiform,Vertical,,Brown,White,Lateral,FALSE,
Pygocentrus nattereri,Forked,Superior,FALSE,Fusiform,,,Grey (silver),Orange,Lateral,FALSE,
Pygoplites diacanthus,Rounded,Terminal,FALSE,Fusiform,Other,,Yellow,White,Lateral,FALSE,
Raja clavata,Pointed,Subterminal,FALSE,Depressed,,Multiple spots,Brown,Grey (silver),Non-lateral,FALSE,
Rastrelliger kanagurta,Lunate,Terminal,FALSE,Fusiform,Horizontal,Multiple spots,Grey (silver),Black,Lateral,FALSE,
Red Sea 22°15,,,FALSE,,,,,,,TRUE,
Red Sea 22°18,Rounded,Terminal,FALSE,Fusiform,,,Grey (silver),Yellow,Lateral,FALSE,
Rhabdosargus haffara,Forked,Terminal,FALSE,Fusiform,,,Grey (silver),Brown,Lateral,FALSE,
Rhincodon typus,Heterocercal,Terminal,FALSE,Fusiform,,Multiple spots,Grey (silver),White,Lateral,FALSE,
Rhinecanthus assasi,Rounded,Terminal,FALSE,Fusiform,Other,One spot,Grey (silver),Black,Lateral,FALSE,
Rhinichthys atratulus,Forked,Terminal,FALSE,Fusiform,Horizontal,,Brown,Black,Lateral,FALSE,
Rhinomuraena quaesita,Pointed,Terminal,TRUE,Anguilliform,,,Blue,Yellow,Lateral,FALSE,
Rhodeus ocellatus,Forked,Terminal,FALSE,Fusiform,Horizontal,,Brown,Black,Lateral,FALSE,
Salarias fasciatus,Rounded,Terminal,FALSE,Fusiform,,Multiple spots,Brown,White,Lateral,FALSE,
Salmo trutta,Forked,Terminal,FALSE,Fusiform,,Multiple spots,Grey (silver),Red,Lateral,FALSE,
Salvelinus fontinalis,Forked,Terminal,FALSE,Fusiform,,Multiple spots,Green,Yellow,Lateral,FALSE,
Sander vitreus,Forked,Terminal,FALSE,Fusiform,,,Brown,White,Lateral,FALSE,
Sargocentron caudimaculatum,Forked,Terminal,FALSE,Fusiform,,,Red,White,Lateral,FALSE,
Sargocentron diadema,Forked,Terminal,FALSE,Fusiform,Horizontal,,Red,White,Lateral,FALSE,
Sargocentron ittodai,Forked,Terminal,FALSE,Fusiform,Horizontal,,Red,White,Lateral,FALSE,
Sargocentron spiniferum,Forked,Superior,FALSE,Fusiform,,One spot,Red,Yellow,Lateral,FALSE,
Sargocentron tiere,Lunate,Terminal,FALSE,Fusiform,,,Red,White,Lateral,FALSE,
Sarotherodon melanotheron,Forked,Terminal,FALSE,Fusiform,,,Brown,White,Lateral,FALSE,
Sarpa salpa,Forked,Terminal,FALSE,Fusiform,Horizontal,One spot,Grey (silver),Yellow,Lateral,FALSE,
Saurida gracilis,Forked,Terminal,FALSE,Fusiform,Other,,White,Black,Lateral,FALSE,
Scardinius erythrophthalmus,Forked,Terminal,FALSE,Fusiform,,,Grey (silver),Orange,Lateral,FALSE,
Scarus chameleon,Emarginate,Terminal,FALSE,Fusiform,Other,,Blue,Yellow,Lateral,FALSE,
Scarus collana,Emarginate,Terminal,FALSE,Fusiform,Other,,Green,Purple,Lateral,FALSE,
Scarus ferrugineus,Truncate,Terminal,FALSE,Fusiform,,,,,Lateral,FALSE,the fish have all different colors
Scarus flavipectoralis,Emarginate,Terminal,FALSE,Fusiform,Other,,Brown,Blue,Lateral,FALSE,
Scarus forsteni,Emarginate,Terminal,FALSE,Fusiform,Other,,Grey (silver),Orange,Lateral,FALSE,
Scarus frenatus,Emarginate,Terminal,FALSE,Fusiform,Other,,,,Lateral,FALSE,the fish have all different colors
Scarus fuscopurpureus,Emarginate,Terminal,FALSE,Fusiform,Other,,Green,Purple,Lateral,FALSE,
Scarus ghobban,Emarginate,Terminal,FALSE,Fusiform,Other,,Orange,Blue,Lateral,FALSE,
Scarus niger,Emarginate,Terminal,FALSE,Fusiform,Other,,Green,Purple,Lateral,FALSE,
Scarus persicus,Emarginate,Terminal,FALSE,Fusiform,,,Brown,Blue,Lateral,FALSE,
Scarus psittacus,Emarginate,Terminal,FALSE,Fusiform,Other,,Brown,Blue,Lateral,FALSE,
Scarus rubroviolaceus,Emarginate,Terminal,FALSE,Fusiform,Other,,Brown,Blue,Lateral,FALSE,
Scarus russelii,Emarginate,Terminal,FALSE,Fusiform,Other,,Purple,Blue,Lateral,FALSE,
Scarus schlegeli,Emarginate,Terminal,FALSE,Fusiform,Other,,Purple,Blue,Lateral,FALSE,
Gymnothorax flavimarginatus,Pointed,Terminal,FALSE,Anguilliform,,Multiple spots,Brown,Black,Lateral,FALSE,
Gymnothorax javanicus,Pointed,Terminal,FALSE,Anguilliform,,Multiple spots,Brown,Black,Lateral,FALSE,
Gymnothorax nudivomer,,Terminal,FALSE,Anguilliform,,Multiple spots,Brown,White,Lateral,FALSE,Unable to identify caudal fin shape
Gymnothorax prasinus,Pointed,Terminal,FALSE,Anguilliform,,,Yellow,Brown,Lateral,FALSE,
Gymnothorax rueppelliae,Pointed,Terminal,FALSE,Anguilliform,Vertical,,Brown,White,Lateral,FALSE,
Gymnothorax undulatus,Pointed,Terminal,FALSE,Anguilliform,,Multiple spots,Brown,White,Lateral,FALSE,
Haemulon flavolineatum,Forked,Terminal,FALSE,Fusiform,Diagonal,,Yellow,White,Lateral,FALSE,
Haemulon sciurus,Forked,Terminal,FALSE,Fusiform,Horizontal,,Yellow,Blue,Lateral,FALSE,
Halichoeres argus,Truncate,Terminal,FALSE,Fusiform,,Multiple spots,,,Lateral,FALSE,Color of fishes are different 
Halichoeres bivittatus,Truncate,Terminal,FALSE,Fusiform,Horizontal,,White,Brown,Lateral,FALSE,
Halichoeres hartzfeldii,Truncate,Terminal,FALSE,Fusiform,Horizontal,,Grey (silver),Yellow,Lateral,FALSE,
Halichoeres hortulanus,Truncate,Terminal,FALSE,Fusiform,,Multiple spots,Black,Yellow,Lateral,FALSE,
Halichoeres leucurus,Truncate,Terminal,FALSE,Fusiform,Horizontal,Multiple spots,Yellow,Grey (silver),Lateral,FALSE,
Halichoeres marginatus,Truncate,Terminal,FALSE,Fusiform,Other,Multiple spots,Brown,,Lateral,FALSE,Fish has different secondary colors 
Halichoeres melanurus,Truncate,Terminal,FALSE,Fusiform,Horizontal,Multiple spots,Yellow,Green,Lateral,FALSE,
Halichoeres nebulosus,Truncate,Terminal,FALSE,Fusiform,,Multiple spots,Brown,Grey (silver),Lateral,FALSE,
Halichoeres nigrescens,Truncate,Terminal,FALSE,Fusiform,,,Grey (silver),,Lateral,FALSE,Fish has different secondary colors 
Halichoeres scapularis,Truncate,Terminal,FALSE,Fusiform,Horizontal,,White,Black,Lateral,FALSE,
Helcogramma striata,Truncate,Terminal,FALSE,Tappering,Horizontal,,Red,White,Lateral,FALSE,
Hemigymnus melapterus,Truncate,Terminal,FALSE,Fusiform,Vertical,,Brown,,Lateral,FALSE,Fish has different secondary colors 
Herichthys cyanoguttatus,Truncate,Terminal,FALSE,Fusiform,,Multiple spots,Grey (silver),Black,Lateral,FALSE,
Heterodontus portusjacksoni,Truncate,Subterminal,FALSE,Tappering,Other,,Brown,Black,Non-lateral,FALSE,
Heteropriacanthus cruentatus,Truncate,Superior,FALSE,Fusiform,,,Red,Grey (silver),Lateral,FALSE,
Hippocampus abdominalis,Pointed,Terminal,TRUE,Anguilliform,,Multiple spots,Brown,Orange,Lateral,FALSE,
Hippocampus guttulatus,Pointed,Superior,TRUE,Anguilliform,,,Brown,White,Lateral,FALSE,
Hippocampus histrix,Pointed,Terminal,TRUE,Anguilliform,,Multiple spots,Brown,White,Lateral,FALSE,
Hippocampus kuda,Pointed,Terminal,TRUE,Anguilliform,,,Brown,Red,Lateral,FALSE,
Hippocampus whitei,Other,Superior,TRUE,Other,,Multiple spots,Brown,None,Non-lateral,FALSE,
Hipposcarus harid,Emarginate,Subterminal,FALSE,Fusiform,,,Blue,White,Lateral,FALSE,
Histrio histrio,Rounded,Superior,FALSE,Tappering,Other,Multiple spots,Brown,White,Lateral,FALSE,
Hologymnosus annulatus,Truncate,Terminal,FALSE,Fusiform,Other,,,,Lateral,FALSE,Fish has all different colors
Hologymnosus doliatus,Truncate,Terminal,FALSE,Tappering,Other,,Brown,Grey (silver),Lateral,FALSE,
Hoplias malabaricus,Truncate,Superior,FALSE,Tappering,Horizontal,Multiple spots,Brown,Green,Lateral,FALSE,
Hypanus americanus,Pointed,Subterminal,FALSE,Depressed,,,White,Grey (silver),Non-lateral,FALSE,
Hypoplectrodes maccullochi,Truncate,Terminal,FALSE,Fusiform,Other,Multiple spots,Red,White,Non-lateral,FALSE,
Hypsypops rubicundus,Forked,Terminal,FALSE,Fusiform,,,Orange,Yellow,Lateral,FALSE,
Ictalurus punctatus,Forked,Terminal,FALSE,Tappering,,,Brown,Grey (silver),Non-lateral,FALSE,
Iniistius aneitensis,Truncate,Terminal,FALSE,Tappering,Vertical,,Brown,Grey (silver),Lateral,FALSE,
Iniistius pavo,Truncate,Terminal,FALSE,Tappering,,,,,Lateral,FALSE,Fish have different colors
Inimicus filamentosus,Rounded,Superior,FALSE,Tappering,,,Brown,Yellow,Non-lateral,FALSE,
Istiblennius edentulus,Truncate,Subterminal,FALSE,Tappering,,Multiple spots,Grey (silver),Brown,Lateral,FALSE,
Istigobius decoratus,Rounded,Terminal,FALSE,Tappering,,Multiple spots,Grey (silver),Brown,Lateral,FALSE,
Istigobius ornatus,Rounded,Terminal,FALSE,Tappering,,Multiple spots,Brown,Black,Lateral,FALSE,
Isurus oxyrinchus,Lunate,Subterminal,FALSE,Fusiform,,,Grey (silver),White,Lateral,FALSE,
Koumansetta hoesei,Rounded,Subterminal,FALSE,Fusiform,Horizontal,Multiple spots,Brown,Green,Lateral,FALSE,
Kyphosus bigibbus,Forked,Terminal,FALSE,Fusiform,,,Grey (silver),Brown,Lateral,FALSE,
Kyphosus cinerascens,Forked,Terminal,FALSE,Fusiform,,Multiple spots,Grey (silver),Brown,Lateral,FALSE,
Kyphosus vaigiensis,Forked,Terminal,FALSE,Fusiform,,,Grey (silver),,Lateral,FALSE,Fish have different secondary colors
Labrichthys unilineatus,Rounded,Terminal,FALSE,Fusiform,Horizontal,,Brown,Blue,Lateral,FALSE,
Labroides dimidiatus,Truncate,Terminal,FALSE,Fusiform,Horizontal,,Grey (silver),Black,Lateral,FALSE,
Labropsis manabei,Truncate,Terminal,FALSE,Fusiform,,,Brown,Orange,Lateral,FALSE,
Labrus bergylta,Truncate,Terminal,FALSE,Tappering,,Multiple spots,Brown,Black,Lateral,FALSE,
Lactophrys triqueter,Rounded,Subterminal,FALSE,Fusiform,,Multiple spots,Brown,White,Non-lateral,FALSE,
Lactoria fornasini,Truncate,Subterminal,TRUE,Fusiform,Other,Multiple spots,Brown,Blue,Lateral,FALSE,
Lagodon rhomboides,Forked,Terminal,FALSE,Fusiform,Horizontal,,Grey (silver),Yellow,Lateral,FALSE,
Larabicus quadrilineatus,Truncate,Subterminal,FALSE,Fusiform,Horizontal,,Black,,Lateral,FALSE,Fish have different secondary colors
Latropiscis purpurissatus,Truncate,Terminal,FALSE,Tappering,,Multiple spots,Red,Grey (silver),Non-lateral,FALSE,
Lepisosteus oculatus,Truncate,Subterminal,TRUE,Other,,Multiple spots,Grey (silver),Brown,Non-lateral,FALSE,
Lepisosteus osseus,Truncate,Terminal,TRUE,Other,,Multiple spots,Grey (silver),Black,Lateral,FALSE,
Lepisosteus platyrhincus,Rounded,Terminal,TRUE,Fusiform,,Multiple spots,,,Lateral,FALSE,Fish have different colors
Lepomis auritus,Forked,Terminal,FALSE,Fusiform,,,Grey (silver),Green,Lateral,FALSE,
Lepomis cyanellus,Forked,Terminal,FALSE,Fusiform,,Multiple spots,Brown,Blue,Lateral,FALSE,
Lepomis gibbosus,Forked,Terminal,FALSE,Fusiform,,Multiple spots,Grey (silver),Brown,Lateral,FALSE,
Lepomis gulosus,Forked,Terminal,FALSE,Fusiform,,,Grey (silver),Green,Lateral,FALSE,
Lepomis macrochirus,Forked,Terminal,FALSE,Fusiform,,,Brown,Grey (silver),Non-lateral,FALSE,
Lepomis megalotis,Forked,Terminal,FALSE,Fusiform,Other,,Grey (silver),Yellow,Lateral,FALSE,
Lepomis microlophus,Forked,Terminal,FALSE,Fusiform,,Multiple spots,Grey (silver),Green,Lateral,FALSE,
Leptojulis cyanopleura,Truncate,Terminal,FALSE,Fusiform,Horizontal,,Brown,Grey (silver),Lateral,FALSE,
Lethrinus amboinensis,Forked,Terminal,FALSE,Fusiform,Vertical,,Grey (silver),,Lateral,FALSE,Fish have different secondary colors
Lethrinus atkinsoni,Forked,Terminal,FALSE,Fusiform,Vertical,Multiple spots,Grey (silver),Brown,Lateral,FALSE,
Lethrinus borbonicus,Forked,Terminal,FALSE,Fusiform,,,Brown,Grey (silver),Lateral,FALSE,
Lethrinus erythracanthus,Forked,Terminal,FALSE,Fusiform,,,Orange,Grey (silver),Lateral,FALSE,
Lethrinus erythropterus,Forked,Terminal,FALSE,Fusiform,,,Grey (silver),Orange,Lateral,FALSE,
Lethrinus harak,Forked,Terminal,FALSE,Fusiform,Vertical,,Grey (silver),,Lateral,FALSE,Fish have different secondary colors
Lethrinus mahsena,Forked,Terminal,FALSE,Fusiform,Vertical,,Grey (silver),Brown,Lateral,FALSE,
Lethrinus microdon,Lunate,Terminal,FALSE,Fusiform,,,Grey (silver),White,Lateral,FALSE,
Lethrinus nebulosus,Forked,Terminal,FALSE,Fusiform,Other,Multiple spots,Grey (silver),Blue,Lateral,FALSE,
Lethrinus obsoletus,Forked,Terminal,FALSE,Fusiform,Horizontal,,Grey (silver),Brown,Lateral,FALSE,
Lethrinus olivaceus,Forked,Terminal,FALSE,Fusiform,,,Grey (silver),Brown,Lateral,FALSE,
Lethrinus ornatus,Forked,Terminal,FALSE,Fusiform,,Multiple spots,Grey (silver),Brown,Lateral,FALSE,
Lethrinus xanthochilus,Truncate,Terminal,FALSE,Fusiform,,,Grey (silver),Yellow,Lateral,FALSE,
Lophius piscatorius,Rounded,Superior,FALSE,Depressed,,Multiple spots,Brown,Red,Non-lateral,FALSE,
Lutjanus apodus,Truncate,Terminal,FALSE,Fusiform,,Multiple spots,White,Yellow,Non-lateral,FALSE,
Lutjanus bohar,Forked,Terminal,FALSE,Fusiform,,Multiple spots,Grey (silver),Yellow,Lateral,FALSE,
Lutjanus griseus,Truncate,Terminal,FALSE,Fusiform,,Multiple spots,,,Lateral,FALSE,Fish have different colors
Lutjanus monostigma,Truncate,Terminal,FALSE,Fusiform,,One spot,White,Yellow,Lateral,FALSE,
Luxilus chrysocephalus,Forked,Terminal,FALSE,Fusiform,,,Grey (silver),None,Lateral,FALSE,
Luxilus cornutus,Forked,Terminal,FALSE,Fusiform,,,Grey (silver),Green,Lateral,FALSE,
Macrodontogobius wilburi,Rounded,Terminal,FALSE,Tappering,,Multiple spots,Grey (silver),Brown,Lateral,FALSE,
Macropharyngodon marisrubri,Forked,Terminal,FALSE,Fusiform,,Multiple spots,Orange,Black,Lateral,FALSE,
Macropharyngodon meleagris,Truncate,Terminal,FALSE,Fusiform,,Multiple spots,Orange,Black,Lateral,FALSE,
Malacanthus brevirostris,Truncate,Terminal,FALSE,Tappering,Horizontal,,Grey (silver),Black,Lateral,FALSE,
Malacanthus latovittatus,Truncate,Terminal,FALSE,Fusiform,Horizontal,,Grey (silver),Black,Lateral,FALSE,
Mayaheros urophthalmus,Rounded,Terminal,FALSE,Fusiform,Vertical,,Yellow,Green,Non-lateral,FALSE,
Mecaenichthys immaculatus,Forked,Terminal,FALSE,Fusiform,,Multiple spots,Yellow,Blue,Non-lateral,FALSE,
Megalops atlanticus,Forked,Terminal,FALSE,Fusiform,,,Grey (silver),None,Lateral,FALSE,
Meuschenia freycineti,Rounded,Superior,FALSE,Fusiform,Other,Multiple spots,Yellow,Black,Lateral,FALSE,
Meuschenia trachylepis,Rounded,Terminal,FALSE,Fusiform,Other,Multiple spots,Yellow,Orange,Lateral,FALSE,
Microcanthus strigatus,Truncate,Terminal,FALSE,Compressed,Horizontal,,Yellow,Black,Lateral,FALSE,
Micropogonias furnieri,Truncate,Terminal,FALSE,Fusiform,,,Grey (silver),Brown,Lateral,FALSE,
Ctenogobiops crocineus,Truncate,Superior,FALSE,Tappering,,Multiple spots,White,Orange,Lateral,FALSE,
Ctenogobiops maculosus,Rounded,Superior,FALSE,Tappering,,Multiple spots,White,Brown,Lateral,FALSE,
Culaea inconstans,Truncate,Terminal,FALSE,Fusiform,,,,,Lateral,FALSE,The fish have different colors
Cyclichthys orbicularis,Truncate,Terminal,FALSE,Other,,,Brown,White,Lateral,FALSE,
Cyclopterus lumpus,Rounded,Superior,FALSE,Tappering,,Multiple spots,Black,Brown,Non-lateral,FALSE,
Cymolutes praetextatus,Truncate,Terminal,FALSE,Tappering,Vertical,,Grey (silver),Brown,Lateral,FALSE,
Cynoscion nebulosus,Truncate,Terminal,FALSE,Fusiform,,Multiple spots,Grey (silver),Black,Lateral,FALSE,
Cyprinodon variegatus,Truncate,Terminal,,Fusiform,Vertical,,Grey (silver),Brown,Lateral,FALSE,
Cyprinus carpio,Forked,Terminal,FALSE,Fusiform,,,,,Lateral,FALSE,The fish have different colors
Cyprinus rubrofuscus,Forked,Terminal,FALSE,Fusiform,,,Orange,None,Non-lateral,FALSE,
Dascyllus marginatus,Forked,Superior,FALSE,Fusiform,,,Yellow,Black,Lateral,FALSE,
Dascyllus trimaculatus,Truncate,Superior,FALSE,Fusiform,,,,,Lateral,FALSE,The fish have different colors
Dendrochirus hemprichi,Rounded,Terminal,FALSE,Fusiform,Vertical,Multiple spots,Brown,Red,Lateral,FALSE,
Dendrochirus zebra,Rounded,Terminal,FALSE,Fusiform,Vertical,Multiple spots,Red,Brown,Lateral,FALSE,
Diagramma pictum,Truncate,Terminal,FALSE,Fusiform,Horizontal,,Black,Yellow,Lateral,FALSE,
Dicentrarchus labrax,Forked,Terminal,FALSE,Fusiform,,,Grey (silver),None,Lateral,FALSE,
Dicotylichthys punctulatus,Rounded,Terminal,FALSE,Tappering,,Multiple spots,Grey (silver),Yellow,Lateral,FALSE,
Dinolestes lewini,Forked,Superior,FALSE,Fusiform,Horizontal,,Grey (silver),Yellow,Lateral,FALSE,
Diodon holocanthus,Rounded,Terminal,FALSE,Tappering,,Multiple spots,Brown,Black,Non-lateral,FALSE,
Diodon hystrix,Rounded,Terminal,FALSE,Tappering,,Multiple spots,Brown,Black,Non-lateral,FALSE,
Diodon liturosus,Rounded,Subterminal,FALSE,Tappering,,Multiple spots,Brown,Yellow,Lateral,FALSE,
Diplodus noct,Forked,Terminal,FALSE,Fusiform,Horizontal,One spot,Grey (silver),Black,Lateral,FALSE,
Diplodus sargus,Forked,Terminal,FALSE,Fusiform,Horizontal,One spot,Grey (silver),Black,Lateral,FALSE,
Diplodus vulgaris,Forked,Terminal,FALSE,Fusiform,Other,,Grey (silver),Yellow,Lateral,FALSE,
Diploprion bifasciatum,Rounded,Superior,FALSE,Fusiform,Vertical,,,,Lateral,FALSE,The fish have different colors
Dischistodus prosopotaenia,Forked,Terminal,FALSE,Fusiform,Vertical,One spot,,,Lateral,FALSE,The fish have different colors
Dorosoma cepedianum,Forked,Terminal,FALSE,Fusiform,,,Grey (silver),None,Lateral,FALSE,
Dunckerocampus multiannulatus,Rounded,Terminal,TRUE,Anguilliform,Vertical,,White,Red,Lateral,FALSE,
Echeneis naucrates,Rounded,Superior,FALSE,Fusiform,,,Grey (silver),Black,Lateral,FALSE,
Echidna nebulosa,Pointed,Terminal,FALSE,Anguilliform,Vertical,Multiple spots,Brown,White,Lateral,FALSE,
Ecsenius aroni,Truncate,Terminal,FALSE,Tappering,,,Orange,Blue,Lateral,FALSE,
Ecsenius frontalis,Rounded,Terminal,FALSE,Tappering,Horizontal,,Yellow,Blue,Lateral,FALSE,
Ecsenius gravieri,Emarginate,Terminal,FALSE,Tappering,Horizontal,Multiple spots,Yellow,Blue,Lateral,FALSE,
Ecsenius midas,Emarginate,Terminal,FALSE,Tappering,,,Yellow,Orange,Lateral,FALSE,
Ecsenius nalolo,Truncate,Terminal,FALSE,Tappering,Horizontal,Multiple spots,Grey (silver),Brown,Lateral,FALSE,
Ecsenius pulcher,Truncate,Terminal,FALSE,Tappering,Vertical,,Black,Yellow,Lateral,FALSE,
Elagatis bipinnulata,Forked,Terminal,FALSE,Fusiform,Horizontal,,Grey (silver),Green,Lateral,FALSE,
Enneapterygius atrogulare,Truncate,Terminal,FALSE,Tappering,,Multiple spots,,,Lateral,FALSE,The fish have different colors
Enneapterygius pusillus,Truncate,Terminal,FALSE,Tappering,,Multiple spots,White,Brown,Lateral,FALSE,
Enoplosus armatus,Truncate,Terminal,FALSE,Compressed,Vertical,,Brown,White,Lateral,FALSE,
Epibulus insidiator,Emarginate,Terminal,FALSE,Fusiform,,,,,Lateral,FALSE,The fish have different colors
Epinephelus bleekeri,Truncate,Superior,FALSE,Fusiform,,Multiple spots,Grey (silver),,Lateral,FALSE,Different secondary colors
Epinephelus coioides,Rounded,Superior,FALSE,Fusiform,,Multiple spots,Grey (silver),Brown,Lateral,FALSE,
Epinephelus cyanopodus,Truncate,Superior,FALSE,Fusiform,,Multiple spots,Grey (silver),Black,Lateral,FALSE,
Epinephelus fasciatus,Rounded,Superior,FALSE,Fusiform,Vertical,,Orange,White,Lateral,FALSE,
Epinephelus malabaricus,Rounded,Superior,FALSE,Fusiform,,Multiple spots,Brown,Grey (silver),Lateral,FALSE,
Epinephelus marginatus,Truncate,Superior,FALSE,Fusiform,,Multiple spots,Brown,,Lateral,FALSE,Different secondary colors
Epinephelus merra,Rounded,Terminal,FALSE,Fusiform,,Multiple spots,Brown,White,Lateral,FALSE,
Epinephelus ongus,Rounded,Terminal,FALSE,Fusiform,,Multiple spots,Brown,White,Lateral,FALSE,
Epinephelus quoyanus,Rounded,Terminal,FALSE,Fusiform,,Multiple spots,Brown,White,Lateral,FALSE,
Epinephelus summana,Rounded,Superior,FALSE,Fusiform,,Multiple spots,Brown,Grey (silver),Lateral,FALSE,
Epinephelus tauvina,Rounded,Superior,FALSE,Fusiform,,Multiple spots,Brown,White,Lateral,FALSE,
Esox lucius,Forked,Superior,FALSE,Fusiform,,Multiple spots,Green,Brown,Lateral,FALSE,
Esox niger,Forked,Terminal,FALSE,Anguilliform,,,Green,Black,Non-lateral,FALSE,
Etheostoma caeruleum,Rounded,Terminal,FALSE,Fusiform,Vertical,,Orange,Green,Lateral,FALSE,
Eupetrichthys angustipes,Rounded,Terminal,FALSE,Tappering,,Multiple spots,Brown,,Lateral,FALSE,Different secondary colors
Eurypegasus draconis,Rounded,Terminal,TRUE,Fusiform,,Multiple spots,Brown,White,Lateral,FALSE,
Eviota guttata,Rounded,Superior,FALSE,Tappering,,Multiple spots,Grey (silver),Orange,Lateral,FALSE,
Eviota prasina,Rounded,Superior,FALSE,Tappering,Vertical,Multiple spots,Grey (silver),Red,Lateral,FALSE,
Eviota shimadai,Truncate,Terminal,FALSE,Tappering,,Multiple spots,Brown,White,Lateral,FALSE,
Exallias brevis,Truncate,Terminal,FALSE,Tappering,,Multiple spots,Brown,Red,Lateral,FALSE,
Fistularia commersonii,Pointed,Terminal,TRUE,Anguilliform,,,Grey (silver),None,Lateral,FALSE,
Flavocaranx bajad,Lunate,Superior,FALSE,Fusiform,,Multiple spots,Grey (silver),Brown,Lateral,FALSE,
Forcipiger flavissimus,Truncate,Terminal,TRUE,Compressed,,One spot,Yellow,Black,Lateral,FALSE,
Forcipiger longirostris,Truncate,Terminal,TRUE,Compressed,,One spot,Yellow,Black,Lateral,FALSE,
Forsterygion lapillum,Truncate,Terminal,FALSE,Tappering,Horizontal,,Brown,Black,Lateral,FALSE,
Fowleria variegata,Rounded,Terminal,TRUE,Fusiform,,Multiple spots,Brown,Grey (silver),Lateral,FALSE,
Fundulus diaphanus,Truncate,Terminal,FALSE,Fusiform,Vertical,,Green,Grey (silver),Lateral,FALSE,
Fundulus heteroclitus,Truncate,Terminal,FALSE,Fusiform,,,Green,Grey (silver),Lateral,FALSE,
Fundulus notatus,Truncate,Terminal,FALSE,Tappering,,,Brown,Grey (silver),Non-lateral,FALSE,
Fusigobius signipinnis,Rounded,Terminal,FALSE,Tappering,,Multiple spots,Grey (silver),Brown,Lateral,FALSE,
Gadus morhua,Truncate,Terminal,FALSE,Tappering,Horizontal,,Grey (silver),Brown,Lateral,FALSE,
Gambusia affinis,Rounded,Terminal,FALSE,Tappering,,,Green,Grey (silver),Non-lateral,FALSE,
Gambusia holbrooki,Rounded,Terminal,FALSE,Fusiform,,,Grey (silver),Brown,Non-lateral,FALSE,
Gasterosteus aculeatus,Forked,Terminal,FALSE,Fusiform,Vertical,,Grey (silver),Green,Lateral,FALSE,
Genicanthus caudovittatus,Emarginate,Terminal,FALSE,Fusiform,Vertical,Multiple spots,Black,Grey (silver),Lateral,FALSE,
Genicanthus lamarck,Emarginate,Terminal,FALSE,Fusiform,Horizontal,Multiple spots,White,Black,Lateral,FALSE,
Gerres oyena,Forked,Terminal,FALSE,Fusiform,,,Grey (silver),None,Lateral,FALSE,
Ginglymostoma cirratum,Other,Terminal,FALSE,Tappering,,,Grey (silver),None,Non-lateral,FALSE,
Girella nigricans,Truncate,Terminal,FALSE,Fusiform,,,Grey (silver),None,Non-lateral,FALSE,
Girella tricuspidata,Truncate,Terminal,FALSE,Fusiform,Vertical,,Grey (silver),Black,Lateral,FALSE,
Girella zebra,Truncate,Terminal,FALSE,Fusiform,Vertical,,Grey (silver),Black,Lateral,FALSE,
Glossogobius giuris,Rounded,Superior,FALSE,Tappering,,,Brown,Green,Lateral,FALSE,
Gnathodentex aureolineatus,Forked,Terminal,FALSE,Fusiform,Horizontal,One spot,White,Yellow,Lateral,FALSE,
Gnatholepis anjerensis,Rounded,Terminal,FALSE,Tappering,,Multiple spots,Grey (silver),Black,Lateral,FALSE,
Gnatholepis caudimaculata,Rounded,Terminal,FALSE,Tappering,Horizontal,Multiple spots,Brown,Grey (silver),Lateral,FALSE,
Gnatholepis cauerensis,Truncate,Terminal,FALSE,Tappering,Horizontal,Multiple spots,Brown,Grey (silver),Lateral,FALSE,
Gobiesox maeandricus,Rounded,Terminal,FALSE,Tappering,,Multiple spots,Brown,Green,Non-lateral,FALSE,
Gobiodon citrinus,Rounded,Terminal,FALSE,Fusiform,,,Orange,White,Lateral,FALSE,
Gobiodon histrio,Rounded,Terminal,FALSE,Fusiform,Horizontal,Multiple spots,Yellow,White,Lateral,FALSE,
Gobio gobio,Forked,Terminal,FALSE,Tappering,,Multiple spots,Brown,Grey (silver),Lateral,FALSE,
Gobius niger,Rounded,Terminal,FALSE,Tappering,,Multiple spots,Brown,Green,Lateral,FALSE,
Gomphosus klunzingeri,Emarginate,Terminal,TRUE,Fusiform,,Multiple spots,Black,Grey (silver),Lateral,FALSE,
Gomphosus varius,Truncate,Subterminal,TRUE,Fusiform,,,Green,Black,Lateral,FALSE,
Gracila albomarginata,Truncate,Superior,FALSE,Fusiform,,,,,Lateral,FALSE,Fish have different colors
Grammatorcynus bilineatus,Lunate,Terminal,FALSE,Fusiform,,,Grey (silver),None,Lateral,FALSE,
Grammistes sexlineatus,Rounded,Terminal,FALSE,Fusiform,Horizontal,,Black,White,Lateral,FALSE,
Gymnocranius grandoculis,Forked,Terminal,FALSE,Fusiform,Other,,Black,Grey (silver),Lateral,FALSE,
Gymnosarda unicolor,Lunate,Terminal,FALSE,Fusiform,,,Grey (silver),Blue,Lateral,FALSE,
Gymnothorax eurostus,Pointed,Terminal,FALSE,Anguilliform,,Multiple spots,Brown,Yellow,Lateral,FALSE,